SKU;Urun Adi
YLC.K.032;Bej Kapaklı Kutu
YLC.K.K.KÇKAYI;YENİ AYI KAPAKSIZ KUTU
YLC.B.G.S.034;Beyaz Garnili Jüt Fileli Sepet
YLC.D.H-BEJ;DESTEKLİ HURÇ BEJ
YLC.PJ.054;TURUNCU ŞERİTLİ PLAJ ÇANTASI
YLC.PJ.053;BEYAZ BEACH PLEASE PLAJ ÇANTASI
YLC.PJ.052;SİYAH BEACH PLEASE PLAJ ÇANTASI
YLC.K.066;Krem Kapaklı Kutu
copyYLC-K028;Pudra Çizgili Kapaklı Kutu
YLC.KOKU.OCEAN;OCEAC ODA KOKUSU
YLC.B.K.K.091;BÜYÜK KAPAKLI KUTU KREM
YLC.B.K.K.032;BÜYÜK KAPAKLI KUTU BEJ
YLC.B.K.K.031;BÜYÜK KAPAKLI KUTU SİYAH
YLC.B.K.K.030;BÜYÜK KAPAKLI KUTU ANTRASİT
YLC.D.H-032;DESTEKLİ HURÇ SİYAH
YLC.D.H-031;DESTEKLİ HURÇ ANTRASİT
YLC.D.H-091;DESTEKLİ HURÇ KREM
YLC.D.H-030;DESTEKLİ HURÇ GRİ FÜME
YLC.PJ.051;SUMMER BEACH BASKI PLAJ ÇANTASI
YLC.PJ.050;PLAJ TERLİĞİ BASKI ÇANTA
YLC.PJ.049;PALMİYE BASKI PLAJ ÇANTASI
YLC.PJ.046;HELLO SUMMER BEYAZ BASKI PLAJ ÇANTASI
YLC.PJ.047;KARETTA KARETTA BASKI PLAJ ÇANTASI
YLC.PJ.048G;HELLO SUMMER BASKI PLAJ ÇANTASI
YLC.PJ.045;DENİZ YILDIZI BASKI PLAJ ÇANTASI
YLC.D.K.K.027;Gri ( Füme ) Dikdörtgen Kapaksız Kutu
YLC.D.K.K-030;Antrasit Dikdörtgen Kapaksız Kutu
YLC.D.K.K-066;Krem Dikdörtgen Kapaksız Kutu
YLC.D.K.K-031;Siyah Dikdörtgen Kapaksız Kutu
YLC.2.064;Wild Animals 2 Dikdörtgen Sepet No 2
YLC.2.063;Vehicle Dikdörtgen Sepet No 2
YLC.2.062;Giraffe Dikdörtgen Sepet No 2
YLC.2.061;Giraffe 2 Dikdörtgen Sepet No 2
YLC.2.060;Elephant Dikdörtgen Sepet No 2
YLC.2.059;Sonbahar Dikdörtgen Sepet No 2
YLC.2.057;Jungle Dikdörtgen Sepet No 2
YLC.2.056;Stay Gıraffe Dikdörtgen Sepet No 2
YLC.2.055;Ocean Dikdörtgen Sepet No 2
YLC.2.054;Health Dikdörtgen Sepet No 2
YLC.2.053;Snail Dikdörtgen Sepet No 2
YLC.2.052;Wild Animals Dikdörtgen Sepet No 2
YLC.S.B.055;Ocean Baskılı Fileli Sepet
YLC.S.B.064;Wild Animals 2 Baskılı Fileli Sepet
YLC.S.B.052;Wild Animals Baskılı Fileli Sepet
YLC.S.B.065;India Baskılı Fileli Sepet
YLC.S.B.058;Safari 2 Baskılı Fileli Sepet
YLC.S.B.053;Snail Baskılı Fileli Sepet
YLC.S.B.054;Health Baskılı Fileli Sepet
YLC.S.B.062;Giraffe Baskılı Fileli Sepet
YLC.S.B.057;Jungle Baskılı Fileli Sepet
YLC.S.B.059;Sonbahar Baskılı Fileli Sepet
YLC.S.B.060;Elephant Baskılı Fileli Sepet
YLC.S.B.056;Stay Giraffe Baskılı Fileli Sepet
YLC.S.B.063;Vehicle Baskılı Fileli Sepet
YLC.S.B.061;Giraffe 2 Baskılı Fileli Sepet
YLC.B.K.K.062;Griaffe Büyük Kapaklı Kutu
YLC.B.K.K.063;Vehicle Büyük Kapaklı Kutu
YLC.B.K.K.064;Wild Animals 2 Büyük Kapaklı Kutu
YLC.B.K.K.059;Sonbahar Büyük Kapaklı Kutu
YLC.B.K.K.054;Health Büyük Kapaklı Kutu
YLC.B.K.K.065;İndia Büyük Kapaklı Kutu
YLC.B.K.K.052;Wild Animals Büyük Kapaklı Kutu
YLC.B.K.K.053;Snail Büyük Kapaklı Kutu
YLC.B.K.K.061;Griaffe 2 Büyük Kapaklı Kutu
YLC.B.K.K.055;Ocean Büyük Kapaklı Kutu
YLC.B.K.K.056;Stay Gıraffe Büyük Kapaklı Kutu
YLC.B.K.K.057;Jungle Büyük Kapaklı Kutu
YLC.B.K.K.060;Elephant Büyük Kapaklı Kutu
YLC.K.K.064;Wild Animals 2 KAPAKSIZ KUTU
YLC.K.K.063;Vehicle KAPAKSIZ KUTU
YLC.K.K.062;Griaffe KAPAKSIZ KUTU
YLC.K.K.061;Gıraffe 2 KAPAKSIZ KUTU
YLC.K.K.060;Elephant KAPAKSIZ KUTU
YLC.K.K.059;Sonbahar KAPAKSIZ KUTU
YLC.K.K.058;Safari 2 KAPAKSIZ KUTU
YLC.K.K.057;Jungle  KAPAKSIZ KUTU
YLC.K.K.056;Stay Gıraffe KAPAKSIZ KUTU
YLC.K.K.055;Ocean KAPAKSIZ KUTU
YLC.K.K.054;HEALT KAPAKSIZ KUTU
YLC.K.K.053;SNAİL KAPAKSIZ KUTU
YLC.K.K.052;Wild Animals KAPAKSIZ KUTU
YLC.K.K.038;Woven Beyaz Kapaklı Kutu 30-30
YLC.K.K.0444;Woven Siyah Kapaklı Kutu 30-30
YLC.K.K.0433;Woven Jüt Kapaklı Kutu 30-30
YLC.K.038;Woven Beyaz Kapaksız Kutu 30-30
YLC.K.044;Woven Siyah Kapaksız Kutu 30-30
YLC.K.043;Woven Jüt Kapaksız Kutu 30-30
YLC.B.K.K0.38;Woven beyaz Büyük Kapaklı Kutu
YLC.B.K.K0.44;Woven siyah Büyük Kapaklı Kutu
YLC.B.K.K.043;Woven Jüt Büyük Kapaklı Kutu
YLC.4.034P;4'lü JÜT Organizer
YLC.4.03001;4'lü KREM Organizer
YLC.4.030;4'lü ANTRASİT Organizer
YLC.Y.K.034;Jüt Yandan PVC Kapaklı Kutu
YLC.4.034;4'lü JÜT Organizer
YLC.B.K.0015;Küçük Ayı Kapaklı Büyük Kutu
YLC.B.K.014;YILDIZ Kapaksız Kutu
YLC-K036p;Gülen Tilki Kapaksız Kutu
YLC.B.G.3;Jüt Beyaz Garnili 3 No
YLC.B.G.2;Jüt Beyaz Garnili 2 No
YLC.B.G.1;Jüt Beyaz Garnili 1 No
YLC-S091;Ayı Dikdörtgen Sepet 1 No
YLC-H002-6;6'lı Beyaz Hurç 4 No
YLC-H003-6;6'lı Beyaz Hurç 3 No
8683302135605-6;6'lı Beyaz Hurç 2 No
YLC-H009-6;6'lı Gri Hurç 4 No
YLC-H008-6;6'lı Gri Hurç 3 No
YLC-H007-6;6'lı Gri Hurç 2 No
8683302135568-6;6'lı Gri Hurç 1 No
YLC-O021;5 Cepli Etnik Duvar Organizeri
YLC-O020;3 Cepli Etnik Duvar Organizeri
YLC-O019;2 Katlı 4 Cepli Jüt Duvar Organizer
YLC-O018;Uzay Bebek Çantası
YLC-K024;Mavi Çizgili Kapaksız Kutu
YLC-O006;3 Cepli Uzay Duvar Organizeri
YLC-K019;Küçük Jüt Kapaksız Kutu
YLC-K018;Küçük Havlu Kapaksız Kutu
YLC-K029;Rakun Kapaksız Kutu
YLC-O005;3 Cepli Panda Duvar Organizeri
YLC-K016;Kaplan Kapaksız Kutu
YLC-O013;5 Cepli Havlu Duvar Organizeri
YLC-O007;4'lü Açık Gri Organizer
YLC-O015;Deniz Kızı Bebek Çantası
YLC-O004;3 Cepli Deniz Kızı Duvar Organizeri
YLC-O009;4'lü Bej Organizer
YLC-K003;Baby Kapaklı Büyük Kutu
YLC-O008;4'lü Antrasit Organizer
YLC-K002;Araba Kapaksız Kutu
YLC-S053;Mavi Çizgili Dikdörtgen Sepet 3 No
YLC-S052;Mavi Çizgili Dikdörtgen Sepet 2 No
YLC-S051;Mavi Çizgili Dikdörtgen Sepet 1 No
YLC-K006;Boho Ahşap Destekli Küçük Kapaklı Kutu
YLC-S047;Laundry Deluxe Fileli Jüt Sepet
YLC-S078;Tropikal Ahşap Sepet
YLC-S042;Küçük Ayı Fileli Sepet
YLC-S054;Mavi Fil Fileli Sepet
YLC-S017;Bej Ayı Fileli Sepet
YLC-S001;Arabalar Fileli Sepet
YLC-K005;Boho Ahşap Destekli Kapaklı Büyük Kutu
YLC-K021;Laundry Deluxe Ahşap Destekli Havlu Sepet
YLC-K022;Laundry Deluxe Jüt Büyük Kapaklı Kutu
YLC-S045;Laundry Bag Fileli Jüt Sepet
YLC-S046;Laundry Deluxe Fileli Havlu Sepet
YLC-S019;Çapa Filesiz Sepet
YLC-S021;Dinozor Fileli Sepet
YLC-S079;Tropikal Yaprak Fileli Sepet
YLC-S005;Baby Dikdörtgen Sepet 1 No
YLC-S075;Tilki Dikdörtgen Sepet 1 No
YLC-S002;Ayı Dikdörtgen Sepet 1 No
YLC-S041;Kedi Patileri Fileli Sepet
YLC-S055;Panda Dikdörtgen Sepet 1 No
YLC-S020;Deniz Kızı Fileli Sepet
YLC-H010;Home Sweet Home Gri Hurç No 3
YLC-H015;Home Sweet Home PVC Beyaz Hurç 3 No
YLC-S082;Yaprak Dikdörtgen Sepet No 3
YLC-S063;Simple Living Beyaz Sepet 3 No
YLC-S061;Simple Living Beyaz Sepet 1 No
YLC-S065;Simple Living Gri Sepet 2 No
YLC-S066;Simple Living Gri Sepet 3 No
YLC-S067;Simple Living Jüt Sepet 1 No
YLC-S068;Simple Living Jüt Sepet 2 No
YLC-S069;Simple Living Jüt Sepet 3 No
ROPE.HAM.SPT10;Love You Mom Beyaz Garnili Fileli Sepet
YLC-S049;Love You Mom Beyaz Fileli Sepet
ROPE.HAM.SPT21;Beyaz Kadife Sepet 1 No
ROPE.HAM.SPT13;Love You Mom Gri Fileli Sepet
YLC-S050;Love You Mom Gri Garnili Sepet
YLC-S029;Home Sweet Home Garnili Gri Fileli Sepet
ROPE.HAM.SPT23;Home Sweet Home Gri Fileli Sepet
ROPE.HAM.SPT25;Kadife Beyaz Sepet 2 No
ROPE.HAM.SPT28;3'lü Beyaz Kadife Sepet Seti
ROPE.HAM.SPT27;Kadife Beyaz Sepet 3 No
ROPE.HAM.SPT26;Beyaz Kadife Sepet 2 No
ROPE.HAM.SPT35;2'li Love You Mom Beyaz Sepet Seti
YLC-S030;Home Sweet Home Gri Dikdörtgen Sepet 3 No
ROPE.HAM.SPT54;Gri Garnili Kol Çantası
ROPE.HAM.SPT62;5'li Beyaz Kadife Kutulu Set
YLC-H013;Home Sweet Home Lacivert Hurç 4 No
YLC-H002;Home Sweet Home Beyaz Hurç 4 No
YLC-H016;Home Sweet Home PVC Beyaz Hurç 4 No
YLC-H011;Home Sweet Home Lacivert Hurç 2 No
ROPE.HAM.SPT82;Home Sweet Home Beyaz Garnili Fileli Sepet
YLC-H005;Home Sweet Home Gri Çizgili Hurç 3 No
YLC-H006;Home Sweet Home Gri Çizgili Hurç 4 No
YLC-O001;10 Gözlü Gri Çizgili Organizer
ROPE.HAM.SPT119;6'lı Krem Supla Takımı
ROPE.HAM.SPT117;2'li Krem Supla Takımı
ROPE.HAM.SPT121;4'lü Krem Bardak Altlığı Takımı
ROPE.HAM.SPT118;4'lü Krem Supla Takımı
ROPE.HAM.SPT128;Köpek Filesiz Sepet
PRENDİSPT106;Köpek Filesiz Sepet
RopeHome087;Jüt Destekli Hurç Orta Boy
YLC-S027;Home Jüt Dikdörtgen Sepet 2 No
YLC-S077;Tilki Filesiz Sepet
YLC-H007;Home Sweet Home Gri Hurç 2 No
YLC-H008;Home Sweet Home Gri Hurç 3 No
YLC-S071;Siyah Çizgili Sepet 3 No
YLC-S022;Filesiz Geyik Sepet
YLC-S035;Home Sweet Home Kadife Beyaz Fileli Sepet
YLC-S028;Home Sweet Home Beyaz Fileli Sepet
YLC-K009;Gri Kapaklı Kutu
YLC-K039;Zebra Kapaksız Kutu
YLC-K013;Jüt Kapaklı Kutu
YLC-K028;Pudra Çizgili Kapaklı Kutu
YLC-K001;Antrasit Kapaksız Kutu
YLC-K008;Gri Çizgili Kapaklı Kutu
YLC-K032;Siyah Kapaksız Kutu
YLC-K026;Mavi Kapaksız Kutu
YLC-S064;Simple Living Gri Sepet 1 No
YLC-O003;10 Gözlü Pudra Organizer
YLC-O002;10 Gözlü Lacivert Organizer
YLC-K027;Pembe Kapaksız Kutu
YLC-S037;Kadife Beyaz Dikdörtgen Sepet 2 No
YLC-O017;Jüt Saksılık
ROPE.HAM.SPT127;Home Sweet Home Gri Hurç 1 No
YLC-H012;Home Sweet Home Lacivert Hurç 3 No
YLC-H003;Home Sweet Home Beyaz Hurç No 3
YLC-H014;Home Sweet Home PVC Beyaz Hurç 2 No
YLC-S086;Zebra Filesiz Sepet
PRENDİSPT115;Gri Garnili Kol Çantası
YLC-S036;Kadife Beyaz Dikdörtgen Sepet
YLC-S040;Kedi Filesiz Sepet
TYCG4IHMDN169100940755700;3'lü Kadife Dikdörtgen Sepet Seti
YLC-S033;Home Sweet Home Gri Fileli Sepet
YLC-S032;Home Sweet Home Gri Dikdörtgen Sepet No 2
PRENDİSPT119;Kadife Fileli Sepet
PRENDİSPT116;Kadife Beyaz Kol Çantası
YLC-S031;Home Sweet Home Gri Dikdörtgen Sepet No 1
PRENDİSPT117;5'li Beyaz Kadife Kutulu Sepet Seti
PRENDİSPT106;Kadife Beyaz Dikdörtgen Sepet
YLC-H009;Home Sweet Home Gri Hurç 4 No
YLC-K036;Tilki Kapaksız Kutu
YLC-K040;Zebra Kapaksız Kutu
YLC-K031;Siyah Kapaklı Kutu
YLC-S074;Tavşan Filesiz Sepet
YLC-S083;Yaprak Fileli Sepet
YLC-S006;Baby Fileli Sepet
YLC-S007;Baby Filesiz Sepet
YLC-K004;Baby Kapaksız Kutu
YLC-S081;Yaprak Dikdörtgen Sepet No 2
YLC-K035;Tavşan Kapaksız Kutu
YLC-K025;Mavi Fil Kapaksız Kutu
YLC-S043;Küçük Baby Fileli Sepet
YLC-S048;Love Jüt Dikdörtgen Sepet 2 No
YLC-S026;Havlu Fileli Sepet
YLC-K010;Havlu Kapaklı Büyük Kutu
TYC3ZNBJLN170861410512553;Havlu Dikdörtgen Fileli Sepet
YLC-O014;5 Cepli Jüt Duvar Organizeri
YLC-K014;Jüt Kapaksız Kutu
YLC-K012;Jüt Kapaklı Büyük Kutu
PrendiHome005;Simple Living Beyaz Dikdörtgen Sepet 2 No
YLC-S023;Gri Çizgili Dikdörtgen Sepet 2 No
YLC-S024;Gri Çizgili Dikdörtgen Sepet 3 No
YLC-S003;Ayı Fileli Sepet
YLC-S057;Panda Filesiz Sepet
YLC-S056;Panda Fileli Sepet
YLC-S004;Ayı Filesiz Sepet
YLC-S088;Zoo Filesiz Sepet
YLC-S038;Kaplan Fileli Sepet
YLC-S039;Kaplan Filesiz Sepet
YLC-S076;Tilki Fileli Sepet
YLC-S058;Safari Fileli Sepet
YLC-S060;Sevimli Hayvanlar Fileli Sepet
YLC-S073;Tavşan Fileli Sepet
YLC-K007;Geyik Kapaksız Kutu
YLC-K030;Sevimli Hayvanlar Kapaksız Kutu
YLC-S070;Siyah Çizgili Dikdörtgen Sepet 2 No
YLC-K038;Yaprak Kapaklı Kutu
YLC-S084;Yaprak Filesiz Sepet
YLC-S044;Lacivert Çizgili Fileli Sepet
YLC-H001;Havlu Destekli Hurç 2 No
YLC-K011;Havlu Kapaklı Kutu
YLC-K017;Küçük Baby Baskılı Kapaksız Kutu
PrendiHome0117;Denizkızı Kapaksız Kutu
YLC-K037;Uzay Kapaksız Kutu
YLC-K034;Sosis Köpek Baskılı Kapaksız Kutu
YLC-S072;Sosis Köpek Baskılı Fileli Sepet
YLC-O016;Gri Çizgili Takım Elbise Kılıfı
YLC-S025;Havlu Dikdörtgen Sepet 3 No
YLC-K020;Lacivert Çizgili Kapaklı Kutu
YLC-S034;Home Sweet Home Jüt Fileli Sepet
YLC-S016;Be You Jüt Dikdörtgen Sepet 3 No
YLC-S013;Be You Gri Dikdörtgen Sepet 3 No
YLC-S009;Be You Beyaz Dikdörtgen Sepet 2 No
YLC-S010;Be You Beyaz Dikdörtgen Sepet 3 No
YLC-S008;Be You Beyaz Dikdörtgen Sepet 1 No
YLC-S012;Be You Gri Dikdörtgen Sepet 2 No
YLC-S011;Be You Gri Dikdörtgen Sepet 1 No
YLC-S014;Be You Jüt Dikdörtgen Sepet 1 No
YLC-S015;Be You Jüt Dikdörtgen Sepet 2 No
YLC-K033;Sosis Kapaklı Büyük Kutu
YLC-O010;4'lü Gri Çizgili Organizer
YLC-S087;Zoo Fileli Sepet
YLC-S018;Bohem Fileli Sepet
YLC-S085;Yıldız Fileli Sepet
YLC-K015;Kapaklı Büyük Yıldız Kutu
YLC-O011;4'lü Lacivert Organizer
YLC-O012;4'lü Pudra Çizgili Organizer
YLC-S080;Uzay Fileli Sepet
YLC-S059;Safari Filesiz Sepet
hm3;Home 3 No
